{"loss": [-2.2318772127457608e+18, -1.4945026478442965e+20, -2.2682451299370564e+21, -1.5122720505340495e+22, NaN, NaN, NaN, NaN, NaN, NaN, NaN, NaN, NaN, NaN, NaN], "acc": [0.3333333432674408, 0.3333333432674408, 0.3333333432674408, 0.3333333432674408, 0.33476531505584717, 0.3333333432674408, 0.3333333432674408, 0.3333333432674408, 0.3333333432674408, 0.3333333432674408, 0.3333333432674408, 0.3333333432674408, 0.3333333432674408, 0.3333333432674408, 0.3333333432674408], "val_loss": [-1.3849250551373496e+19, -5.851355999794134e+20, -6.467586773769471e+21, -3.3558232601579384e+22, NaN, NaN, NaN, NaN, NaN, NaN, NaN, NaN, NaN, NaN, NaN], "val_acc": [0.3333333432674408, 0.3333333432674408, 0.3333333432674408, 0.3333333432674408, 0.3333333432674408, 0.3333333432674408, 0.3333333432674408, 0.3333333432674408, 0.3333333432674408, 0.3333333432674408, 0.3333333432674408, 0.3333333432674408, 0.3333333432674408, 0.3333333432674408, 0.3333333432674408]}